f(x),x,f(x) SEM,f(x) fit,gama,k
5170.714285714285,1,70.24301839081988,5046.609934190432,0.20622813140978696,5046.609934190432
5733.333333333333,2,57.47804273655634,5822.112483404666,0.20622813140978696,5046.609934190432
6165.342857142857,3,50.095252846383524,6329.881256541747,0.20622813140978696,5046.609934190432
6669.6,4,50.470329082016676,6716.784972772843,0.20622813140978696,5046.609934190432
6985.9047619047615,5,68.241270321241,7033.103622731906,0.20622813140978696,5046.609934190432
7326.428571428572,6,103.80679332363587,7302.581567182852,0.20622813140978696,5046.609934190432
7752.0,7,0.0,7538.461617058274,0.20622813140978696,5046.609934190432
