f(x),x,f(x) SEM,f(x) fit,gama,k
7408.571428571428,1,58.1991069898995,7374.675991662179,0.17312158357934607,7374.675991662179
8209.714285714286,2,134.37104178634732,8314.91346486542,0.17312158357934607,7374.675991662179
9024.657142857142,3,99.5483493260507,8919.5497341255,0.17312158357934607,7374.675991662179
9389.0,4,74.06234030936938,9375.026917300172,0.17312158357934607,7374.675991662179
9624.047619047618,5,92.67550855874121,9744.279627897215,0.17312158357934607,7374.675991662179
10085.857142857143,6,131.25373982362208,10056.751546599238,0.17312158357934607,7374.675991662179
10375.0,7,0.0,10328.747370312614,0.17312158357934607,7374.675991662179
